id,first_name,last_name,email,gender,ip_address
1,Gale,Jehu,gjehu0@cornell.edu,Male,142.12.94.18
2,Catlin,Bunnell,cbunnell1@google.com.hk,Female,108.126.81.52
3,Thayne,Goldthorpe,tgoldthorpe2@scribd.com,Male,151.161.125.241
4,Benjamen,Brickwood,bbrickwood3@japanpost.jp,Male,112.115.2.149
5,Cory,Scardefield,cscardefield4@moonfruit.com,Male,40.74.130.254
6,Huntington,Elgar,helgar5@51.la,Male,192.63.205.122
7,Raimundo,Schooley,rschooley6@chicagotribune.com,Male,169.59.175.229
8,Carlynne,Gallager,cgallager7@google.de,Female,21.227.195.189
9,Dolorita,Chalk,dchalk8@furl.net,Female,10.231.2.241
10,Emelen,Nalder,enalder9@toplist.cz,Male,120.107.238.223
11,Gregoire,Dubbin,gdubbina@cloudflare.com,Male,212.36.20.26
12,Harriett,Edyson,hedysonb@friendfeed.com,Female,205.240.50.200
13,Amalea,Pendlenton,apendlentonc@xrea.com,Female,6.96.128.172
14,Athene,Trowill,atrowilld@marriott.com,Female,85.51.222.196
15,Veda,Rolles,vrollese@harvard.edu,Female,84.31.60.17
16,Jesus,Michallat,jmichallatf@taobao.com,Male,163.190.187.22
17,Leola,Bravey,lbraveyg@marketwatch.com,Female,156.186.205.72
18,Lannie,Layzell,llayzellh@adobe.com,Male,120.77.162.205
19,Judith,Tow,jtowi@sun.com,Female,135.121.35.11
20,Caprice,Northbridge,cnorthbridgej@dagondesign.com,Female,51.30.76.247
21,Mycah,Stapels,mstapelsk@berkeley.edu,Male,238.104.238.109
22,Nial,Preator,npreatorl@nytimes.com,Male,57.223.226.55
23,Wait,Cowlam,wcowlamm@seesaa.net,Male,233.56.37.100
24,Godfry,Fairebrother,gfairebrothern@sun.com,Male,113.101.121.81
25,Clovis,Nolda,cnoldao@webmd.com,Female,56.165.246.137
26,Vinni,Bussey,vbusseyp@123-reg.co.uk,Female,164.105.10.78
27,Olia,Riddles,oriddlesq@google.de,Female,245.206.0.82
28,Sapphire,Cawthorn,scawthornr@tripadvisor.com,Female,44.8.184.67
29,Taber,Matyatin,tmatyatins@toplist.cz,Male,92.72.28.208
30,Garnette,Nolin,gnolint@wordpress.org,Female,224.27.243.183
31,Sibilla,Varker,svarkeru@stumbleupon.com,Female,25.47.11.118
32,Earvin,Kirke,ekirkev@uiuc.edu,Male,143.127.137.182
33,Lilli,Cremen,lcremenw@delicious.com,Female,208.181.219.214
34,Creighton,Marsh,cmarshx@yandex.ru,Male,227.111.211.115
35,Eachelle,Bollom,ebollomy@cyberchimps.com,Female,159.122.230.31
36,Lorelei,Girardin,lgirardinz@marriott.com,Female,158.251.229.141
37,Byrann,Kiendl,bkiendl10@comcast.net,Male,92.204.99.16
38,Sandi,Suffe,ssuffe11@gnu.org,Female,123.224.151.60
39,Mallissa,Scraggs,mscraggs12@hatena.ne.jp,Female,5.63.202.52
40,Katerina,Trythall,ktrythall13@house.gov,Female,78.161.159.198
41,Ginger,Grishechkin,ggrishechkin14@github.com,Male,80.103.163.96
42,Keen,Methven,kmethven15@drupal.org,Male,92.114.71.34
43,Ad,Malloy,amalloy16@gnu.org,Male,129.38.91.181
44,Missy,Sinnott,msinnott17@nytimes.com,Female,142.143.62.209
45,Iago,Soane,isoane18@google.co.jp,Male,71.192.68.201
46,Mathe,Whisson,mwhisson19@pagesperso-orange.fr,Male,20.190.202.56
47,El,Matton,ematton1a@ucsd.edu,Male,120.80.38.203
48,Milton,Drillot,mdrillot1b@w3.org,Male,124.152.197.243
49,Kippie,Backhouse,kbackhouse1c@seattletimes.com,Male,219.55.251.255
50,Tobias,Dartan,tdartan1d@ed.gov,Male,95.42.213.62
51,Rois,Pickervance,rpickervance1e@123-reg.co.uk,Female,8.75.129.222
52,Karlotta,Buckner,kbuckner1f@devhub.com,Female,64.78.88.69
53,Christie,Penberthy,cpenberthy1g@nasa.gov,Male,103.220.208.254
54,Talyah,Rolance,trolance1h@yandex.ru,Female,3.75.44.146
55,Melany,Hawse,mhawse1i@un.org,Female,96.185.63.139
56,Gwyneth,Brydon,gbrydon1j@redcross.org,Female,90.137.37.75
57,Ange,MacNair,amacnair1k@cnbc.com,Male,223.147.117.155
58,Josy,Seedull,jseedull1l@unesco.org,Female,0.214.168.77
59,Vladamir,Goaks,vgoaks1m@artisteer.com,Male,243.152.6.204
60,Gayler,Crolly,gcrolly1n@homestead.com,Male,88.100.187.211
61,Adolphe,Feaveryear,afeaveryear1o@webs.com,Male,196.37.114.69
62,Kim,Wisby,kwisby1p@bigcartel.com,Male,84.110.29.0
63,Ber,Bichener,bbichener1q@timesonline.co.uk,Male,145.163.155.221
64,Jess,Gerram,jgerram1r@exblog.jp,Female,209.214.242.248
65,Bethany,Andriveau,bandriveau1s@answers.com,Female,183.33.94.192
66,Olympie,Kilday,okilday1t@bravesites.com,Female,84.47.47.132
67,Mychal,Nickolls,mnickolls1u@usa.gov,Male,128.16.84.235
68,Bing,Hauxwell,bhauxwell1v@bbb.org,Male,47.217.147.154
69,Way,Barratt,wbarratt1w@merriam-webster.com,Male,77.49.116.116
70,Florence,Skynner,fskynner1x@taobao.com,Female,204.76.220.175
71,Rayna,Bensen,rbensen1y@1688.com,Female,234.234.59.185
72,Harcourt,Crinkley,hcrinkley1z@webeden.co.uk,Male,185.23.16.41
73,Wilburt,Binnall,wbinnall20@tinypic.com,Male,110.102.91.167
74,Goldie,McNamara,gmcnamara21@tinyurl.com,Female,44.244.177.248
75,Natalina,Squeers,nsqueers22@hao123.com,Female,215.242.17.55
76,Herve,Rolfini,hrolfini23@google.fr,Male,195.47.119.5
77,Elisabeth,Dunkerton,edunkerton24@shutterfly.com,Female,98.53.66.94
78,Meredith,Emer,memer25@google.com,Female,94.221.254.118
79,Sammy,Marvell,smarvell26@cam.ac.uk,Male,158.238.30.46
80,Tyler,De Ruggero,tderuggero27@columbia.edu,Male,91.244.58.113
81,Esdras,Brookhouse,ebrookhouse28@wunderground.com,Male,71.40.67.191
82,Larry,Spir,lspir29@go.com,Male,223.197.32.250
83,Corrie,Flury,cflury2a@adobe.com,Male,222.56.113.27
84,Basilius,Mackieson,bmackieson2b@list-manage.com,Male,191.208.123.30
85,Peri,Hawsby,phawsby2c@g.co,Female,190.78.44.77
86,Janina,Briand,jbriand2d@washingtonpost.com,Female,231.134.222.120
87,Barrett,Liptrot,bliptrot2e@merriam-webster.com,Male,85.173.233.121
88,Reid,Wychard,rwychard2f@networkadvertising.org,Male,192.127.7.188
89,Sayres,Hazeley,shazeley2g@reverbnation.com,Male,8.114.28.225
90,Cornelle,Lenihan,clenihan2h@ed.gov,Female,244.141.141.125
91,Benton,Godball,bgodball2i@nsw.gov.au,Male,230.161.171.43
92,Crawford,Balmadier,cbalmadier2j@independent.co.uk,Male,235.189.190.40
93,Jordanna,Sellick,jsellick2k@sogou.com,Female,178.83.106.101
94,Franciskus,Bonnin,fbonnin2l@facebook.com,Male,132.204.18.141
95,Hortensia,Durrance,hdurrance2m@prweb.com,Female,248.150.102.238
96,Ernst,Fleeming,efleeming2n@cafepress.com,Male,198.237.215.248
97,Alard,Arnowitz,aarnowitz2o@ovh.net,Male,159.179.122.146
98,Giordano,Wildash,gwildash2p@ifeng.com,Male,111.127.81.128
99,Glenden,Brelsford,gbrelsford2q@washington.edu,Male,78.111.93.145
100,Marybelle,Bilverstone,mbilverstone2r@bbc.co.uk,Female,103.252.76.242
101,Wylma,Otham,wotham2s@indiatimes.com,Female,115.19.25.8
102,Muffin,Proudler,mproudler2t@i2i.jp,Female,36.67.130.192
103,Carline,Gorry,cgorry2u@lycos.com,Female,0.34.1.224
104,Mick,Maidstone,mmaidstone2v@sphinn.com,Male,228.130.95.66
105,Jaymee,Brann,jbrann2w@jalbum.net,Female,36.41.4.206
106,Dinnie,McFfaden,dmcffaden2x@si.edu,Female,7.30.14.244
107,Liuka,Paliser,lpaliser2y@nba.com,Female,45.67.24.206
108,Trueman,Seeger,tseeger2z@godaddy.com,Male,183.171.79.143
109,Daniel,McCathay,dmccathay30@toplist.cz,Male,187.41.211.112
110,Gabie,Doubleday,gdoubleday31@google.com.au,Female,208.227.137.97
111,Hope,Eberts,heberts32@sfgate.com,Female,131.4.193.191
112,Tarrance,Punshon,tpunshon33@toplist.cz,Male,44.12.234.20
113,Dyan,Myall,dmyall34@nyu.edu,Female,21.191.87.234
114,Kirbie,Scoggan,kscoggan35@yale.edu,Female,226.80.33.110
115,Adriane,Redhole,aredhole36@marriott.com,Female,224.49.234.40
116,Con,Apdell,capdell37@canalblog.com,Male,233.105.95.133
117,Gabriello,Ebi,gebi38@admin.ch,Male,117.116.48.199
118,Elisabeth,Adolfsen,eadolfsen39@mit.edu,Female,156.16.163.31
119,Janelle,Sumsion,jsumsion3a@de.vu,Female,192.78.78.63
120,Deanne,Lidgerton,dlidgerton3b@nationalgeographic.com,Female,34.109.35.253
121,Jacinta,Haggith,jhaggith3c@pbs.org,Female,116.208.172.131
122,Eadmund,Zaniolo,ezaniolo3d@mozilla.org,Male,198.237.105.237
123,Goldina,Row,grow3e@paginegialle.it,Female,87.148.27.153
124,Retha,Christophers,rchristophers3f@nsw.gov.au,Female,82.237.207.128
125,Lucky,Joules,ljoules3g@ucoz.ru,Female,129.1.162.235
126,Grannie,Attawell,gattawell3h@webs.com,Male,40.180.14.39
127,Darb,Emmanuel,demmanuel3i@cargocollective.com,Female,36.201.163.204
128,Rosalie,Snape,rsnape3j@washington.edu,Female,141.7.21.153
129,Leo,Ankrett,lankrett3k@pagesperso-orange.fr,Male,164.65.219.57
130,Georgianna,Spriggen,gspriggen3l@bbb.org,Female,178.81.21.73
131,Maisey,De Malchar,mdemalchar3m@ucoz.com,Female,66.29.205.242
132,Flossie,Mullany,fmullany3n@earthlink.net,Female,236.41.177.20
133,Walton,Ponton,wponton3o@mayoclinic.com,Male,3.122.93.70
134,Hyacinthie,Rothman,hrothman3p@blogspot.com,Female,47.11.204.238
135,Trudy,Glossop,tglossop3q@topsy.com,Female,76.180.154.89
136,Wolfy,Casassa,wcasassa3r@latimes.com,Male,122.246.102.202
137,Mae,Otson,motson3s@squidoo.com,Female,186.27.81.238
138,Risa,Danks,rdanks3t@tinypic.com,Female,9.143.166.174
139,Randolph,Yorkston,ryorkston3u@buzzfeed.com,Male,120.93.33.146
140,Lay,Smedmoor,lsmedmoor3v@who.int,Male,171.255.103.126
141,Tabbitha,Paschke,tpaschke3w@clickbank.net,Female,216.253.139.230
142,Cale,Mityushin,cmityushin3x@geocities.com,Male,16.240.171.76
143,Malcolm,MacGown,mmacgown3y@timesonline.co.uk,Male,138.85.207.250
144,Jarrod,Shreeves,jshreeves3z@army.mil,Male,157.241.29.22
145,Brett,Penswick,bpenswick40@github.io,Male,199.207.174.135
146,Judith,Dewan,jdewan41@adobe.com,Female,187.189.139.185
147,Loydie,Galland,lgalland42@bluehost.com,Male,139.182.133.126
148,Kip,Waugh,kwaugh43@theguardian.com,Female,111.90.229.102
149,Nomi,Lorne,nlorne44@t.co,Female,110.9.1.197
150,Latrena,Gonthard,lgonthard45@bloglovin.com,Female,40.97.255.134
151,Cos,Wadwell,cwadwell46@qq.com,Male,208.104.44.176
152,Roberto,Brewers,rbrewers47@is.gd,Male,133.66.172.236
153,Gerda,Churly,gchurly48@cloudflare.com,Female,74.90.182.13
154,Yvon,Higgonet,yhiggonet49@deviantart.com,Male,235.129.52.243
155,Cacilia,Pryde,cpryde4a@ted.com,Female,142.101.96.125
156,Lelia,Pallister,lpallister4b@nsw.gov.au,Female,194.167.181.54
157,Othilie,DeSousa,odesousa4c@cnn.com,Female,202.134.24.165
158,Anthony,Vautre,avautre4d@devhub.com,Male,208.109.103.21
159,Reggis,Askin,raskin4e@umn.edu,Male,97.10.75.72
160,Gustie,Mitchener,gmitchener4f@imageshack.us,Female,112.41.174.59
161,Ardra,Holah,aholah4g@cdbaby.com,Female,180.122.43.170
162,Hasheem,Balazin,hbalazin4h@networkadvertising.org,Male,214.122.59.28
163,Ajay,Ales,aales4i@studiopress.com,Female,27.132.2.83
164,Mordecai,Fisk,mfisk4j@163.com,Male,214.192.49.164
165,Abbey,Lumm,alumm4k@dell.com,Female,96.51.101.204
166,Lisha,Bamlet,lbamlet4l@seesaa.net,Female,233.40.176.124
167,Gale,Roebottom,groebottom4m@aboutads.info,Female,238.248.119.55
168,Fabien,MacNalley,fmacnalley4n@tinyurl.com,Male,84.148.23.20
169,Vasilis,Jagger,vjagger4o@hud.gov,Male,116.242.25.188
170,Morie,Balnave,mbalnave4p@skyrock.com,Male,18.117.36.75
171,Gaultiero,Holbury,gholbury4q@dmoz.org,Male,156.198.94.14
172,Odo,Keitley,okeitley4r@fastcompany.com,Male,116.221.210.129
173,Rand,Caret,rcaret4s@slate.com,Male,234.97.31.76
174,Ethan,Stuckford,estuckford4t@cnbc.com,Male,132.95.115.31
175,Jamie,Jerosch,jjerosch4u@networkadvertising.org,Female,178.43.113.131
176,Patti,Greenhaugh,pgreenhaugh4v@youku.com,Female,91.179.200.129
177,Archie,Siggens,asiggens4w@mtv.com,Male,86.235.201.115
178,Fayette,Ropartz,fropartz4x@tuttocitta.it,Female,174.49.64.214
179,Laraine,Guerreau,lguerreau4y@opera.com,Female,143.23.81.10
180,Marlow,Sanney,msanney4z@mashable.com,Male,104.150.165.173
181,Ram,McArdle,rmcardle50@feedburner.com,Male,53.121.251.188
182,Jessie,Baudichon,jbaudichon51@nsw.gov.au,Male,232.76.174.198
183,Livvie,Fitzpatrick,lfitzpatrick52@smh.com.au,Female,81.45.184.233
184,Stanislaus,Safont,ssafont53@devhub.com,Male,114.207.162.77
185,Riordan,Serris,rserris54@dailymotion.com,Male,128.255.230.101
186,Gerry,Scothron,gscothron55@skype.com,Male,85.208.224.163
187,Brewer,Dalman,bdalman56@amazonaws.com,Male,158.58.114.213
188,Ric,Walby,rwalby57@spotify.com,Male,55.229.93.241
189,Cori,Tesimon,ctesimon58@geocities.jp,Male,191.136.252.62
190,Trudie,Blest,tblest59@kickstarter.com,Female,71.15.103.5
191,Krystalle,Sheilds,ksheilds5a@newyorker.com,Female,157.134.103.31
192,Lexis,Towse,ltowse5b@senate.gov,Female,188.36.250.228
193,Veda,Quartley,vquartley5c@php.net,Female,124.181.73.141
194,Matilda,Thomson,mthomson5d@gravatar.com,Female,165.217.82.5
195,Lianna,Mussetti,lmussetti5e@comcast.net,Female,207.239.246.33
196,Pavla,Staggs,pstaggs5f@digg.com,Female,206.73.60.25
197,Chiquia,Sprankling,csprankling5g@earthlink.net,Female,215.149.205.187
198,Benedicto,Marzele,bmarzele5h@google.pl,Male,114.173.251.0
199,Merry,Metcalfe,mmetcalfe5i@yahoo.co.jp,Female,67.255.197.103
200,Lucias,Wanjek,lwanjek5j@va.gov,Male,211.54.213.227
201,Pam,Bramford,pbramford5k@bing.com,Female,151.133.82.132
202,Arielle,Lenormand,alenormand5l@nih.gov,Female,62.200.8.255
203,Denys,Mee,dmee5m@dagondesign.com,Male,9.174.138.197
204,Dean,Valsler,dvalsler5n@biglobe.ne.jp,Male,221.112.64.229
205,Aime,Capaldi,acapaldi5o@blinklist.com,Female,250.113.8.33
206,Gay,Arnaldo,garnaldo5p@nih.gov,Female,174.196.108.184
207,Steven,Mulligan,smulligan5q@lulu.com,Male,186.217.23.137
208,Cristen,Fawltey,cfawltey5r@wix.com,Female,165.212.58.24
209,Renard,Clubley,rclubley5s@prweb.com,Male,142.98.115.235
210,Emalia,Bagott,ebagott5t@yellowpages.com,Female,32.221.97.12
211,Tobe,Furby,tfurby5u@phoca.cz,Male,75.214.221.189
212,Noreen,Domanski,ndomanski5v@businessweek.com,Female,63.182.66.112
213,Lucas,Averill,laverill5w@google.com.au,Male,70.234.253.191
214,Calvin,Brookhouse,cbrookhouse5x@engadget.com,Male,162.254.97.255
215,Madella,Bursnell,mbursnell5y@timesonline.co.uk,Female,40.43.24.105
216,Gifford,Barby,gbarby5z@ucoz.com,Male,41.18.13.233
217,Pavia,Fieldstone,pfieldstone60@biblegateway.com,Female,153.84.23.54
218,Quill,Duffet,qduffet61@xinhuanet.com,Male,129.36.98.167
219,Felita,Chislett,fchislett62@cdbaby.com,Female,46.128.246.205
220,Charline,Abbis,cabbis63@businessinsider.com,Female,98.96.189.45
221,Jaymie,Cagan,jcagan64@usatoday.com,Male,196.115.41.122
222,Barrett,Glentworth,bglentworth65@hexun.com,Male,57.255.175.44
223,Thomasa,Lightwing,tlightwing66@soundcloud.com,Female,5.157.14.116
224,Gibb,Firebrace,gfirebrace67@goodreads.com,Male,59.161.250.212
225,Mohammed,Bruton,mbruton68@uiuc.edu,Male,81.205.104.87
226,Conrad,Deller,cdeller69@weebly.com,Male,144.236.95.63
227,Dee,Gatman,dgatman6a@salon.com,Female,117.223.215.209
228,Verine,de Aguirre,vdeaguirre6b@sina.com.cn,Female,132.169.149.235
229,Baird,Anstey,banstey6c@washingtonpost.com,Male,115.174.93.172
230,Martica,Fusedale,mfusedale6d@studiopress.com,Female,251.125.44.159
231,Yvette,Rustan,yrustan6e@statcounter.com,Female,196.250.104.137
232,Matty,Witherop,mwitherop6f@aol.com,Female,158.195.39.243
233,Fulvia,Nellies,fnellies6g@marketwatch.com,Female,133.196.116.5
234,Joelly,Menel,jmenel6h@mlb.com,Female,182.21.95.10
235,Whitman,Whiff,wwhiff6i@blogspot.com,Male,152.143.33.253
236,Ignatius,Huebner,ihuebner6j@patch.com,Male,188.71.253.3
237,Trey,Keneford,tkeneford6k@craigslist.org,Male,208.83.173.115
238,Abigail,Diggin,adiggin6l@earthlink.net,Female,191.86.98.210
239,Elianora,Beyn,ebeyn6m@eventbrite.com,Female,80.205.204.159
240,Helena,Pamplin,hpamplin6n@amazon.com,Female,165.216.107.207
241,Cheslie,Speddin,cspeddin6o@techcrunch.com,Female,73.117.53.40
242,Dorine,Cutress,dcutress6p@theglobeandmail.com,Female,108.0.185.210
243,Sonny,Prime,sprime6q@pagesperso-orange.fr,Male,241.61.166.254
244,Kristina,Rafferty,krafferty6r@accuweather.com,Female,201.218.218.26
245,Hanni,Eastbrook,heastbrook6s@dagondesign.com,Female,199.21.254.201
246,Elihu,Salling,esalling6t@histats.com,Male,35.137.215.244
247,Gustave,McGarva,gmcgarva6u@technorati.com,Male,79.47.145.196
248,Gabby,Reaney,greaney6v@yellowbook.com,Male,228.17.71.44
249,Lane,Scolts,lscolts6w@networkadvertising.org,Female,22.166.188.83
250,Viola,Cranshaw,vcranshaw6x@google.com.au,Female,7.202.190.23
251,Cirillo,Gatherell,cgatherell6y@topsy.com,Male,65.117.25.12
252,Allie,Patington,apatington6z@vk.com,Male,129.84.130.26
253,Parker,Hardey,phardey70@t-online.de,Male,11.219.139.75
254,Pippy,Jonathon,pjonathon71@mapquest.com,Female,75.135.188.114
255,Frazer,Coviello,fcoviello72@hatena.ne.jp,Male,116.127.17.72
256,Agace,Heliot,aheliot73@accuweather.com,Female,64.54.187.183
257,Davidde,Mueller,dmueller74@issuu.com,Male,8.186.152.80
258,Goddard,Keuneke,gkeuneke75@51.la,Male,231.39.145.194
259,Scottie,Simic,ssimic76@chronoengine.com,Male,205.46.128.51
260,Marshall,Corkell,mcorkell77@amazon.co.jp,Male,15.29.57.61
261,Anica,Freeborn,afreeborn78@businesswire.com,Female,181.129.13.171
262,Tammy,Searles,tsearles79@nasa.gov,Male,24.248.195.168
263,Vi,Duddan,vduddan7a@gov.uk,Female,237.165.250.125
264,Saidee,Giotto,sgiotto7b@java.com,Female,1.255.73.1
265,Cory,Dunthorne,cdunthorne7c@newyorker.com,Male,225.162.6.79
266,Clim,Treen,ctreen7d@taobao.com,Male,116.89.6.5
267,Clemens,Urlich,curlich7e@privacy.gov.au,Male,84.37.153.97
268,Mommy,Arkell,markell7f@icio.us,Female,176.108.119.66
269,Addy,Thorns,athorns7g@t-online.de,Female,242.185.178.212
270,Burnaby,Pursehouse,bpursehouse7h@sohu.com,Male,50.255.204.108
271,Dukie,Dankov,ddankov7i@statcounter.com,Male,82.140.167.33
272,Blakeley,Gian,bgian7j@fastcompany.com,Female,227.169.29.135
273,Breena,Baldam,bbaldam7k@businessweek.com,Female,58.104.147.89
274,Rutledge,Pringell,rpringell7l@ocn.ne.jp,Male,101.180.191.248
275,Raff,Strond,rstrond7m@sourceforge.net,Male,70.76.118.131
276,Lydia,Venditti,lvenditti7n@ycombinator.com,Female,153.191.97.130
277,Sanderson,Podbury,spodbury7o@indiegogo.com,Male,93.224.226.74
278,Guss,Darbey,gdarbey7p@phoca.cz,Male,196.61.82.118
279,Elmer,Moneti,emoneti7q@newsvine.com,Male,47.25.148.55
280,Gavra,McElhinney,gmcelhinney7r@irs.gov,Female,228.35.140.74
281,Quent,Serrier,qserrier7s@last.fm,Male,98.176.92.90
282,Lesya,Gallyon,lgallyon7t@dion.ne.jp,Female,15.116.112.36
283,Pierre,Brislan,pbrislan7u@dailymail.co.uk,Male,252.250.33.136
284,Immanuel,Macrow,imacrow7v@spotify.com,Male,108.78.31.65
285,Rafaela,Schellig,rschellig7w@moonfruit.com,Female,209.5.101.129
286,Rosalie,Masse,rmasse7x@weibo.com,Female,222.181.155.182
287,Devi,Godrich,dgodrich7y@wikispaces.com,Female,213.150.143.18
288,Raddie,Bendell,rbendell7z@paypal.com,Male,78.213.34.172
289,Ripley,Sherburn,rsherburn80@amazonaws.com,Male,95.190.239.40
290,Renato,Gudeman,rgudeman81@t-online.de,Male,36.104.118.137
291,Nannie,Eagell,neagell82@prnewswire.com,Female,101.157.253.61
292,Ethyl,Tamsett,etamsett83@phoca.cz,Female,240.140.177.30
293,Coletta,Stinson,cstinson84@xrea.com,Female,73.33.233.92
294,Leelah,Guinn,lguinn85@nymag.com,Female,11.245.218.17
295,Miran,Coyish,mcoyish86@army.mil,Female,24.126.113.108
296,Geoffrey,Rylett,grylett87@upenn.edu,Male,238.184.251.130
297,Willdon,Wase,wwase88@google.ca,Male,80.105.241.236
298,Orsola,Brogioni,obrogioni89@globo.com,Female,123.52.195.254
299,Magdalen,Molnar,mmolnar8a@census.gov,Female,178.208.111.123
300,Claudell,Warden,cwarden8b@cbslocal.com,Male,252.227.77.120
301,Audrey,Elders,aelders8c@newsvine.com,Female,64.250.181.229
302,Filberte,Spillman,fspillman8d@hatena.ne.jp,Male,234.95.219.152
303,Igor,MacCafferty,imaccafferty8e@eepurl.com,Male,230.119.169.199
304,Daryl,Noods,dnoods8f@weather.com,Female,149.127.159.52
305,Max,Isacsson,misacsson8g@samsung.com,Female,22.87.21.196
306,Tiff,MacLaren,tmaclaren8h@wunderground.com,Female,0.153.72.84
307,Francesca,Killelea,fkillelea8i@smugmug.com,Female,82.175.140.11
308,Min,Schubuser,mschubuser8j@salon.com,Female,60.108.94.22
309,Todd,Bozward,tbozward8k@merriam-webster.com,Male,0.217.47.168
310,Redd,Mintrim,rmintrim8l@bing.com,Male,120.185.47.183
311,Grove,Tebald,gtebald8m@ox.ac.uk,Male,166.18.223.197
312,Chevalier,Richie,crichie8n@reddit.com,Male,136.212.231.104
313,Briano,Ivanikov,bivanikov8o@constantcontact.com,Male,164.72.33.247
314,Tallie,Streetfield,tstreetfield8p@hostgator.com,Male,106.228.198.230
315,Jacenta,Dakin,jdakin8q@hud.gov,Female,221.216.175.59
316,Sapphira,Adan,sadan8r@weebly.com,Female,229.202.71.40
317,Selig,Packwood,spackwood8s@tiny.cc,Male,128.220.105.15
318,Isadora,Mertgen,imertgen8t@theglobeandmail.com,Female,42.229.157.180
319,Aguistin,Dalliwatr,adalliwatr8u@wisc.edu,Male,96.23.166.223
320,Mitchel,Ebenezer,mebenezer8v@kickstarter.com,Male,16.147.154.185
321,Jedidiah,Lisciandro,jlisciandro8w@seattletimes.com,Male,20.122.231.12
322,Denny,Lazer,dlazer8x@soup.io,Male,248.4.86.16
323,Jamison,Le Provost,jleprovost8y@slashdot.org,Male,116.28.233.201
324,Adina,Paramor,aparamor8z@last.fm,Female,108.115.229.125
325,Maryann,Dombrell,mdombrell90@networkadvertising.org,Female,108.14.19.185
326,Olia,Lapides,olapides91@barnesandnoble.com,Female,223.110.219.100
327,Eugenia,Denning,edenning92@alexa.com,Female,150.241.65.127
328,Lorri,O'Kennavain,lokennavain93@ucsd.edu,Female,247.167.155.184
329,Glennie,MacFall,gmacfall94@a8.net,Female,67.83.90.212
330,Mile,Gilpillan,mgilpillan95@dailymotion.com,Male,21.238.43.133
331,Lauren,Asty,lasty96@nba.com,Female,98.216.75.214
332,Gus,Ianni,gianni97@flickr.com,Female,76.189.131.204
333,Bat,Bartolomeazzi,bbartolomeazzi98@ibm.com,Male,137.217.15.135
334,Owen,Jouannisson,ojouannisson99@senate.gov,Male,21.194.169.83
335,Don,Shakesby,dshakesby9a@skype.com,Male,177.20.125.146
336,Cammi,Kindle,ckindle9b@topsy.com,Female,65.134.128.48
337,Gavra,Mackrell,gmackrell9c@prlog.org,Female,221.88.76.240
338,Knox,Anstee,kanstee9d@biblegateway.com,Male,97.252.118.125
339,Kerwin,Jerdon,kjerdon9e@istockphoto.com,Male,233.74.224.191
340,Jessalin,Giacomi,jgiacomi9f@elegantthemes.com,Female,104.125.150.139
341,Shandeigh,Berridge,sberridge9g@kickstarter.com,Female,162.203.90.247
342,Hunfredo,Knowller,hknowller9h@weebly.com,Male,23.58.103.178
343,Constanta,Di Filippo,cdifilippo9i@mozilla.org,Female,59.133.224.202
344,Web,Dimmack,wdimmack9j@wikimedia.org,Male,85.224.58.64
345,Nanci,Flatman,nflatman9k@reddit.com,Female,245.79.129.17
346,Ricardo,Dominico,rdominico9l@blogger.com,Male,191.128.27.103
347,Rodrigo,Mitchelhill,rmitchelhill9m@altervista.org,Male,85.194.185.160
348,Klara,Phelan,kphelan9n@photobucket.com,Female,242.214.79.127
349,Perri,Villar,pvillar9o@ibm.com,Female,254.229.35.92
350,Merrill,Mousley,mmousley9p@vistaprint.com,Male,40.245.218.43
351,Corri,Joannet,cjoannet9q@parallels.com,Female,24.89.87.138
352,Fletch,Cosgrove,fcosgrove9r@dagondesign.com,Male,164.162.167.123
353,Roxine,McMorran,rmcmorran9s@yahoo.co.jp,Female,232.116.19.216
354,Jenny,Hitchens,jhitchens9t@ustream.tv,Female,123.62.250.116
355,Llewellyn,Nickerson,lnickerson9u@weebly.com,Male,91.171.138.45
356,Noel,Jerwood,njerwood9v@loc.gov,Male,3.62.210.29
357,Claude,Fullstone,cfullstone9w@about.com,Female,94.141.152.131
358,Keelby,Samwaye,ksamwaye9x@icio.us,Male,23.87.185.216
359,Hillel,Hamal,hhamal9y@hibu.com,Male,171.35.44.159
360,Lionel,Legrand,llegrand9z@berkeley.edu,Male,154.129.36.107
361,Georgi,Gentry,ggentrya0@csmonitor.com,Male,42.191.87.234
362,Iolande,Mustoe,imustoea1@nationalgeographic.com,Female,24.9.84.103
363,Kally,Scheu,kscheua2@vk.com,Female,20.29.239.59
364,Demetrius,Lanchberry,dlanchberrya3@bing.com,Male,62.138.33.70
365,Winifield,Boffey,wboffeya4@yellowpages.com,Male,153.11.41.123
366,Gwyneth,De Lascy,gdelascya5@phoca.cz,Female,190.254.143.155
367,Kip,Farra,kfarraa6@geocities.jp,Male,255.126.10.6
368,Oby,Lorraine,olorrainea7@chicagotribune.com,Male,58.84.0.143
369,Scarface,MacFaul,smacfaula8@squidoo.com,Male,23.251.242.237
370,Gilberte,Hinchon,ghinchona9@jigsy.com,Female,183.43.25.82
371,Martie,Childes,mchildesaa@chron.com,Female,133.183.59.135
372,Elijah,Axelbee,eaxelbeeab@lulu.com,Male,208.64.180.36
373,Mallissa,Pikesley,mpikesleyac@yale.edu,Female,201.63.185.253
374,Mariana,Waszczykowski,mwaszczykowskiad@chronoengine.com,Female,30.123.234.219
375,Minerva,Kent,mkentae@blinklist.com,Female,15.67.187.6
376,Worthy,Foran,wforanaf@ycombinator.com,Male,31.184.177.191
377,Gwendolyn,Dunham,gdunhamag@globo.com,Female,80.253.97.109
378,Melonie,Vaggers,mvaggersah@abc.net.au,Female,181.132.179.109
379,Pietro,Lillie,plillieai@oracle.com,Male,222.119.109.18
380,Jaquenette,Beiderbecke,jbeiderbeckeaj@woothemes.com,Female,13.64.201.10
381,Glynda,Aleksidze,galeksidzeak@usda.gov,Female,109.137.49.28
382,Balduin,Riggert,briggertal@dyndns.org,Male,187.132.31.164
383,Timmie,Gritton,tgrittonam@list-manage.com,Male,255.25.66.154
384,Dorette,Van Saltsberg,dvansaltsbergan@marketwatch.com,Female,238.65.126.255
385,Boigie,Hiscocks,bhiscocksao@exblog.jp,Male,203.84.109.199
386,Bar,Giggs,bgiggsap@ycombinator.com,Male,3.93.80.240
387,Sib,Dixson,sdixsonaq@nydailynews.com,Female,98.163.105.27
388,Kissie,Pennycock,kpennycockar@squidoo.com,Female,155.163.193.74
389,Tabatha,Pearlman,tpearlmanas@dailymail.co.uk,Female,248.60.84.117
390,Lotte,Rentoll,lrentollat@nature.com,Female,248.202.141.7
391,Tynan,Bau,tbauau@scribd.com,Male,116.57.183.101
392,Kristyn,Hamor,khamorav@diigo.com,Female,75.38.142.196
393,Teodor,Euler,teuleraw@addthis.com,Male,1.0.202.140
394,Stavro,Hancox,shancoxax@tamu.edu,Male,249.60.53.21
395,Ram,Rizzardini,rrizzardiniay@businessinsider.com,Male,51.117.209.205
396,Emily,Cornuau,ecornuauaz@people.com.cn,Female,67.45.201.220
397,Dannel,Kosel,dkoselb0@last.fm,Male,121.146.65.121
398,Philipa,Dunster,pdunsterb1@hao123.com,Female,180.175.246.199
399,Hedwig,Wayvill,hwayvillb2@zdnet.com,Female,247.17.118.114
400,Shelly,McTeague,smcteagueb3@pinterest.com,Female,86.237.134.144
401,Alyss,Lant,alantb4@imgur.com,Female,148.108.94.40
402,Adrea,Blowfelde,ablowfeldeb5@youku.com,Female,72.163.118.114
403,Aeriela,Abry,aabryb6@pbs.org,Female,152.241.58.91
404,Jocelyne,Grimsdith,jgrimsdithb7@patch.com,Female,38.17.218.132
405,Calla,Whithorn,cwhithornb8@about.me,Female,209.244.196.141
406,Craggie,Tranckle,ctranckleb9@mit.edu,Male,248.246.115.77
407,Edyth,Balsom,ebalsomba@bbc.co.uk,Female,102.4.109.13
408,Lissa,Vanderson,lvandersonbb@theguardian.com,Female,138.192.165.243
409,Stephannie,Fahrenbach,sfahrenbachbc@fema.gov,Female,32.253.22.133
410,Levey,Lathom,llathombd@merriam-webster.com,Male,151.201.69.79
411,Brewer,Cornelissen,bcornelissenbe@mapquest.com,Male,64.133.13.255
412,Samara,Rissom,srissombf@globo.com,Female,79.162.49.225
413,Leisha,Arnold,larnoldbg@blogtalkradio.com,Female,85.249.142.173
414,Leland,Ciobotaro,lciobotarobh@storify.com,Female,117.62.96.48
415,Analiese,Velez,avelezbi@accuweather.com,Female,16.151.66.41
416,Silvana,Troak,stroakbj@joomla.org,Female,65.172.187.232
417,Nevsa,Amberson,nambersonbk@sogou.com,Female,238.194.15.126
418,Tabb,Huxton,thuxtonbl@delicious.com,Male,213.230.35.131
419,Georges,Landal,glandalbm@weebly.com,Male,217.7.176.66
420,Kasper,Muncer,kmuncerbn@skype.com,Male,134.202.116.10
421,Zaria,Varcoe,zvarcoebo@constantcontact.com,Female,36.190.244.150
422,Siouxie,Heinssen,sheinssenbp@reverbnation.com,Female,247.171.207.17
423,Nichol,Klas,nklasbq@qq.com,Female,237.41.29.149
424,Emlynne,Esberger,eesbergerbr@weibo.com,Female,49.100.24.96
425,Virgil,Uphill,vuphillbs@odnoklassniki.ru,Male,245.56.103.123
426,Giulio,Richardon,grichardonbt@pbs.org,Male,62.16.12.208
427,Kelsey,Howick,khowickbu@dropbox.com,Male,147.104.4.220
428,Kendell,Bedell,kbedellbv@ocn.ne.jp,Male,126.188.112.141
429,Mohammed,Nano,mnanobw@vimeo.com,Male,184.87.144.29
430,Andrew,Slader,asladerbx@cbc.ca,Male,94.82.14.93
431,Humphrey,Kenryd,hkenrydby@cnn.com,Male,115.128.92.105
432,Justin,Ivanaev,jivanaevbz@bbb.org,Male,234.182.14.138
433,Ilsa,Bysaker,ibysakerc0@seesaa.net,Female,103.69.72.7
434,Adelaide,Frame,aframec1@forbes.com,Female,217.225.133.248
435,Frank,Caudrey,fcaudreyc2@time.com,Male,58.110.127.179
436,Jenilee,Powley,jpowleyc3@house.gov,Female,155.177.133.15
437,Yehudi,Janjic,yjanjicc4@phpbb.com,Male,124.122.51.183
438,Tessy,Fewtrell,tfewtrellc5@slate.com,Female,182.16.63.96
439,Rosemaria,Faltskog,rfaltskogc6@reference.com,Female,190.88.161.182
440,Jemmie,Breslin,jbreslinc7@rakuten.co.jp,Female,51.73.95.164
441,Caressa,Kyme,ckymec8@senate.gov,Female,175.183.94.183
442,Milicent,Fazakerley,mfazakerleyc9@newsvine.com,Female,42.228.227.79
443,Calv,Loveland,clovelandca@illinois.edu,Male,26.4.61.66
444,Luelle,Joynt,ljoyntcb@vkontakte.ru,Female,84.37.250.113
445,Mireielle,Paydon,mpaydoncc@macromedia.com,Female,111.157.124.228
446,Myrah,Landrieu,mlandrieucd@plala.or.jp,Female,52.197.72.5
447,Gilberto,Humble,ghumblece@eepurl.com,Male,115.144.6.126
448,Meir,Seckington,mseckingtoncf@paginegialle.it,Male,154.155.53.223
449,Stirling,Gullefant,sgullefantcg@google.com.br,Male,149.213.109.179
450,Christophorus,Hurndall,churndallch@home.pl,Male,187.169.111.103
451,Ardith,Janjusevic,ajanjusevicci@godaddy.com,Female,55.229.127.3
452,Benoite,Klasing,bklasingcj@bigcartel.com,Female,27.132.45.200
453,Casey,Beckerleg,cbeckerlegck@theguardian.com,Male,131.71.39.199
454,Beale,Hallin,bhallincl@moonfruit.com,Male,211.162.58.223
455,Torrin,Dorrance,tdorrancecm@posterous.com,Male,133.88.49.174
456,Ninnette,Raoul,nraoulcn@ihg.com,Female,131.74.217.37
457,Bronson,Maffeo,bmaffeoco@smugmug.com,Male,87.124.190.140
458,Jamima,Runge,jrungecp@mit.edu,Female,105.170.85.31
459,Inness,Dawks,idawkscq@shareasale.com,Male,128.27.84.221
460,Andee,Butterfint,abutterfintcr@oaic.gov.au,Female,220.26.120.114
461,Quinton,Laba,qlabacs@tinypic.com,Male,13.148.204.202
462,Cal,Sharland,csharlandct@feedburner.com,Male,5.179.76.147
463,Aeriela,Giorgini,agiorginicu@dropbox.com,Female,179.138.8.97
464,Paddie,Eaves,peavescv@digg.com,Male,205.110.106.57
465,Nani,Prozillo,nprozillocw@google.co.jp,Female,145.21.232.206
466,Angelica,Fussen,afussencx@pen.io,Female,238.25.145.117
467,Diannne,Moscon,dmosconcy@youtube.com,Female,169.0.233.177
468,Nevil,Swindells,nswindellscz@goo.ne.jp,Male,108.105.237.158
469,Brok,Vase,bvased0@diigo.com,Male,84.28.16.146
470,Athena,MacGorrie,amacgorried1@bravesites.com,Female,90.172.9.209
471,Irvine,Burkin,iburkind2@wisc.edu,Male,181.98.74.163
472,Louie,Giacobini,lgiacobinid3@jugem.jp,Male,209.23.240.228
473,Billi,Metschke,bmetschked4@yelp.com,Female,115.244.11.144
474,Liz,Kenyon,lkenyond5@time.com,Female,124.29.210.84
475,Johnny,Davidson,jdavidsond6@skyrock.com,Male,100.102.239.114
476,Vivia,Horlick,vhorlickd7@cam.ac.uk,Female,131.236.65.147
477,Pru,Mauger,pmaugerd8@trellian.com,Female,32.207.235.72
478,Antonia,Devon,adevond9@stumbleupon.com,Female,23.64.58.45
479,Adan,Argabrite,aargabriteda@purevolume.com,Male,100.115.138.127
480,Beniamino,Towey,btoweydb@forbes.com,Male,71.186.182.39
481,Elsy,Antonoyev,eantonoyevdc@studiopress.com,Female,228.171.134.81
482,Claire,Janda,cjandadd@ameblo.jp,Female,62.250.172.75
483,Ignacio,Eronie,ieroniede@sphinn.com,Male,65.2.142.170
484,Woody,Writtle,wwrittledf@amazon.co.jp,Male,236.3.43.6
485,Eloise,Deedes,edeedesdg@exblog.jp,Female,118.45.63.242
486,Cody,Kattenhorn,ckattenhorndh@ameblo.jp,Male,27.111.109.218
487,Bamby,Stoffler,bstofflerdi@networkadvertising.org,Female,110.252.140.150
488,Ira,Lemmen,ilemmendj@oaic.gov.au,Male,3.73.105.13
489,Angeli,Korneluk,akornelukdk@flickr.com,Male,234.14.21.127
490,Yale,Flucker,yfluckerdl@ox.ac.uk,Male,71.185.29.77
491,Sylvia,Poad,spoaddm@zdnet.com,Female,56.1.244.199
492,Leslie,Drysdale,ldrysdaledn@google.cn,Female,51.25.16.30
493,Aubine,Beames,abeamesdo@aboutads.info,Female,253.173.85.178
494,Antoni,Overstone,aoverstonedp@java.com,Male,148.209.211.159
495,Yves,Reboulet,yrebouletdq@netlog.com,Male,219.158.17.47
496,Eada,Balleine,eballeinedr@omniture.com,Female,42.60.144.98
497,Annadiane,Tiltman,atiltmands@ameblo.jp,Female,28.248.230.210
498,Katleen,Drogan,kdrogandt@tuttocitta.it,Female,26.177.117.16
499,Allan,Latan,alatandu@bravesites.com,Male,222.61.174.0
500,Michaela,Savins,msavinsdv@europa.eu,Female,149.253.15.209
501,Ynez,Kleewein,ykleeweindw@gov.uk,Female,184.22.9.50
502,Jo-ann,Bantick,jbantickdx@hostgator.com,Female,17.245.163.246
503,Rosanna,Ternott,rternottdy@indiegogo.com,Female,33.156.221.84
504,Jared,Browncey,jbrownceydz@amazon.com,Male,14.236.170.160
505,Dario,Arrigo,darrigoe0@comsenz.com,Male,3.130.205.138
506,Helyn,Grasner,hgrasnere1@cdbaby.com,Female,69.62.169.56
507,Oneida,Robilart,orobilarte2@indiatimes.com,Female,238.183.107.41
508,Willie,Thecham,wthechame3@about.me,Male,57.166.173.38
509,Rafferty,Janes,rjanese4@posterous.com,Male,137.74.51.150
510,Melisa,Durman,mdurmane5@yale.edu,Female,224.76.16.207
511,Maressa,Langer,mlangere6@newyorker.com,Female,151.246.129.93
512,Elfrida,Cloutt,ecloutte7@thetimes.co.uk,Female,145.72.94.125
513,Hobard,Fouracre,hfouracree8@umn.edu,Male,239.231.167.2
514,Bronson,MacFadzan,bmacfadzane9@bloomberg.com,Male,58.51.51.196
515,Igor,Dunabie,idunabieea@wunderground.com,Male,200.44.98.13
516,Irita,Possa,ipossaeb@bizjournals.com,Female,155.72.66.216
517,Pamelina,Quickfall,pquickfallec@blogtalkradio.com,Female,219.53.5.95
518,Carmita,Croix,ccroixed@bbb.org,Female,171.25.103.85
519,Theo,Brastead,tbrasteadee@de.vu,Female,146.33.151.19
520,Ozzy,Debrett,odebrettef@printfriendly.com,Male,205.50.72.50
521,Vinny,Shave,vshaveeg@techcrunch.com,Male,88.202.16.11
522,Retha,Josifovic,rjosifoviceh@google.ru,Female,216.23.201.8
523,Celka,Discombe,cdiscombeei@tumblr.com,Female,206.109.176.254
524,Peter,Deeves,pdeevesej@discuz.net,Male,70.72.174.76
525,Olly,Yeld,oyeldek@bluehost.com,Male,18.25.69.62
526,Mallory,Kettel,mkettelel@yahoo.co.jp,Female,216.94.102.180
527,Adam,Iggalden,aiggaldenem@flickr.com,Male,86.119.174.170
528,Cleon,Pellman,cpellmanen@pbs.org,Male,218.111.161.223
529,Hartley,Babington,hbabingtoneo@vk.com,Male,191.113.214.228
530,Karilynn,Gorvin,kgorvinep@businessweek.com,Female,83.25.235.233
531,Ax,Connechie,aconnechieeq@answers.com,Male,47.48.96.214
532,Clarisse,Morling,cmorlinger@cocolog-nifty.com,Female,205.134.229.231
533,Tine,Benit,tbenites@issuu.com,Female,191.123.228.18
534,Sybyl,Claige,sclaigeet@example.com,Female,124.36.87.12
535,Huntington,Scimonelli,hscimonellieu@foxnews.com,Male,232.56.248.219
536,Gardy,Anneslie,ganneslieev@wordpress.org,Male,193.142.97.10
537,Ruby,Fleeming,rfleemingew@wordpress.com,Female,117.231.193.1
538,Eileen,Yurukhin,eyurukhinex@jalbum.net,Female,43.26.224.131
539,Clarisse,Willeson,cwillesoney@dell.com,Female,19.84.79.191
540,Salomon,Herrieven,sherrievenez@timesonline.co.uk,Male,92.44.20.242
541,Weidar,Iacomi,wiacomif0@yahoo.com,Male,40.104.82.155
542,Brion,Lisamore,blisamoref1@moonfruit.com,Male,57.51.65.31
543,Sascha,Aire,sairef2@japanpost.jp,Male,96.75.252.209
544,Ivett,Blewett,iblewettf3@nymag.com,Female,154.67.34.240
545,Lamont,Doddemeede,ldoddemeedef4@bloglovin.com,Male,145.153.207.194
546,Felix,Lowy,flowyf5@nba.com,Male,108.158.60.66
547,Serena,Ebbens,sebbensf6@plala.or.jp,Female,153.80.124.198
548,Seamus,Kuna,skunaf7@a8.net,Male,243.51.96.215
549,Winifield,Reef,wreeff8@dell.com,Male,30.16.96.31
550,Irene,Mullineux,imullineuxf9@cyberchimps.com,Female,166.82.119.217
551,Romeo,O'Neary,ronearyfa@nba.com,Male,121.175.183.78
552,Fedora,Naldrett,fnaldrettfb@hp.com,Female,246.49.236.79
553,Laverne,Killigrew,lkilligrewfc@youtube.com,Female,220.93.218.173
554,Zea,Rothwell,zrothwellfd@dmoz.org,Female,238.243.239.124
555,Dominick,McPharlain,dmcpharlainfe@pbs.org,Male,248.205.209.11
556,Roda,Dillow,rdillowff@mail.ru,Female,89.3.141.116
557,Nestor,Grunson,ngrunsonfg@patch.com,Male,173.145.229.103
558,Lucretia,Anlay,lanlayfh@mail.ru,Female,155.25.152.179
559,Kinsley,Hamblin,khamblinfi@va.gov,Male,92.242.78.144
560,Chick,Fourman,cfourmanfj@wikipedia.org,Male,68.151.68.95
561,Emelia,Cattle,ecattlefk@vkontakte.ru,Female,157.195.195.145
562,Kikelia,Paolacci,kpaolaccifl@earthlink.net,Female,58.22.207.24
563,Stirling,Wilsdon,swilsdonfm@guardian.co.uk,Male,44.11.199.131
564,Maura,Henrot,mhenrotfn@eepurl.com,Female,89.179.186.11
565,Seka,Deetlof,sdeetloffo@google.com.au,Female,251.162.238.219
566,Piotr,Scroggs,pscroggsfp@4shared.com,Male,44.88.142.34
567,Ernest,Whalley,ewhalleyfq@goo.gl,Male,173.7.87.225
568,Isabeau,Philippard,iphilippardfr@home.pl,Female,249.41.195.44
569,Filia,Doe,fdoefs@soundcloud.com,Female,77.14.136.224
570,Dorella,De Giorgio,ddegiorgioft@feedburner.com,Female,158.57.238.42
571,Leeland,Gaudon,lgaudonfu@godaddy.com,Male,210.224.193.42
572,Tedie,Hoofe,thoofefv@flavors.me,Male,35.109.162.20
573,Reamonn,Huebner,rhuebnerfw@apache.org,Male,38.181.110.138
574,Emili,Cubberley,ecubberleyfx@istockphoto.com,Female,249.162.100.220
575,Georgianna,Limer,glimerfy@cloudflare.com,Female,28.54.230.201
576,Riordan,Milan,rmilanfz@rakuten.co.jp,Male,46.88.28.7
577,Carson,Aspinal,caspinalg0@over-blog.com,Male,186.116.220.60
578,Martie,Balaizot,mbalaizotg1@geocities.com,Male,92.114.55.191
579,Kelwin,Smidmor,ksmidmorg2@oaic.gov.au,Male,11.101.156.176
580,Xenia,Bewly,xbewlyg3@unesco.org,Female,17.177.26.187
581,Mata,Lidden,mliddeng4@pinterest.com,Male,221.207.158.135
582,Filmer,Jodlkowski,fjodlkowskig5@de.vu,Male,78.78.62.118
583,Rici,Whissell,rwhissellg6@dailymail.co.uk,Female,27.224.26.6
584,Brittni,Haith,bhaithg7@youku.com,Female,123.198.79.197
585,Gav,Regina,greginag8@istockphoto.com,Male,106.44.166.159
586,Artus,Roger,arogerg9@bigcartel.com,Male,71.225.255.196
587,Stanfield,Pidgen,spidgenga@simplemachines.org,Male,132.42.8.31
588,Reece,Gozard,rgozardgb@nydailynews.com,Male,166.63.98.129
589,Giffard,Cassar,gcassargc@4shared.com,Male,152.104.138.176
590,Aryn,Bithell,abithellgd@trellian.com,Female,148.113.219.242
591,Ulrick,Wychard,uwychardge@unc.edu,Male,80.147.35.9
592,Kaiser,Nanson,knansongf@nature.com,Male,8.155.155.209
593,Joseph,Casley,jcasleygg@skype.com,Male,60.70.87.245
594,Nester,Cluckie,ncluckiegh@icq.com,Male,187.84.251.211
595,Borg,Barrack,bbarrackgi@omniture.com,Male,203.21.155.126
596,Ravi,Rainger,rraingergj@1688.com,Male,52.12.63.245
597,Quinn,Zuppa,qzuppagk@china.com.cn,Male,123.212.51.235
598,Emmy,McCaffrey,emccaffreygl@seesaa.net,Female,107.69.154.14
599,Killian,Rosie,krosiegm@whitehouse.gov,Male,104.99.67.117
600,Maisey,Houselee,mhouseleegn@marriott.com,Female,24.238.231.70
601,Maggee,Rabjohns,mrabjohnsgo@oaic.gov.au,Female,184.7.243.10
602,Briney,Kilcoyne,bkilcoynegp@arstechnica.com,Female,215.212.98.144
603,Barty,Arlow,barlowgq@seesaa.net,Male,207.213.74.194
604,Dyanne,Ouslem,douslemgr@nature.com,Female,1.1.213.176
605,Evania,Leather,eleathergs@so-net.ne.jp,Female,80.219.246.245
606,Rozella,Brailsford,rbrailsfordgt@fotki.com,Female,23.172.25.129
607,Sollie,Irnis,sirnisgu@usnews.com,Male,110.230.93.76
608,Darin,Mableson,dmablesongv@ebay.com,Male,95.213.243.229
609,Nevin,Schneidar,nschneidargw@bizjournals.com,Male,61.245.125.162
610,Tracey,Crufts,tcruftsgx@time.com,Male,95.153.0.98
611,Mason,Fey,mfeygy@wunderground.com,Male,3.1.127.223
612,Emerson,Heaysman,eheaysmangz@icq.com,Male,202.137.106.200
613,Darrick,Loynton,dloyntonh0@webmd.com,Male,82.242.188.90
614,Francis,Mealham,fmealhamh1@msu.edu,Male,102.42.155.169
615,Dehlia,Cockley,dcockleyh2@simplemachines.org,Female,252.14.142.203
616,Abey,Filyashin,afilyashinh3@youku.com,Male,122.86.158.170
617,Dionne,Antoniak,dantoniakh4@nationalgeographic.com,Female,231.228.150.73
618,Wain,Jacobsen,wjacobsenh5@cbc.ca,Male,145.123.207.85
619,Sigmund,Shorter,sshorterh6@last.fm,Male,164.66.16.8
620,Ravid,Hendrix,rhendrixh7@umich.edu,Male,68.114.202.122
621,Helen-elizabeth,Longridge,hlongridgeh8@123-reg.co.uk,Female,165.149.201.203
622,Zulema,Lowdes,zlowdesh9@ox.ac.uk,Female,178.95.58.10
623,Ailina,Reed,areedha@spiegel.de,Female,213.174.52.151
624,Hailee,Hazlewood,hhazlewoodhb@cpanel.net,Female,245.5.50.32
625,Jaimie,Branscomb,jbranscombhc@instagram.com,Male,116.202.154.171
626,Fletcher,Simonel,fsimonelhd@shareasale.com,Male,169.90.31.96
627,Gerome,Dray,gdrayhe@cornell.edu,Male,199.195.72.160
628,Briant,Washtell,bwashtellhf@imageshack.us,Male,119.212.251.34
629,Jonah,Bart,jbarthg@google.co.uk,Male,12.237.137.100
630,Bordy,Warhurst,bwarhursthh@rambler.ru,Male,168.230.35.57
631,Nehemiah,Simper,nsimperhi@globo.com,Male,35.251.22.70
632,My,Gorman,mgormanhj@whitehouse.gov,Male,117.225.115.234
633,Gilemette,Ovington,govingtonhk@fastcompany.com,Female,53.208.130.22
634,Jedidiah,Balhatchet,jbalhatchethl@ow.ly,Male,119.3.199.189
635,Clemmy,Benjafield,cbenjafieldhm@adobe.com,Male,150.77.145.32
636,Lanie,Sancroft,lsancrofthn@europa.eu,Female,23.56.141.204
637,Karoline,Chaddock,kchaddockho@china.com.cn,Female,22.124.53.216
638,Sonnie,Shorbrook,sshorbrookhp@friendfeed.com,Female,173.110.163.138
639,Inglebert,Jolin,ijolinhq@csmonitor.com,Male,136.2.149.160
640,Rudolph,Derobert,rderoberthr@disqus.com,Male,196.53.162.201
641,Robbie,Rumgay,rrumgayhs@netvibes.com,Female,75.40.50.25
642,Toma,Bengochea,tbengocheaht@cisco.com,Female,83.30.225.250
643,Janot,Rowesby,jrowesbyhu@mashable.com,Female,159.69.161.185
644,Otes,Piesing,opiesinghv@themeforest.net,Male,210.115.110.15
645,Lonna,Raggatt,lraggatthw@pcworld.com,Female,185.172.196.3
646,Alma,Van T'Hoog,avanthooghx@comcast.net,Female,138.112.17.2
647,Carson,Friar,cfriarhy@gmpg.org,Male,55.124.148.8
648,Georgiana,Aspinall,gaspinallhz@arstechnica.com,Female,243.123.143.25
649,Celestia,Robiou,crobioui0@list-manage.com,Female,60.10.138.68
650,Nial,Philipard,nphilipardi1@shutterfly.com,Male,14.121.198.189
651,Cesaro,Lages,clagesi2@de.vu,Male,11.139.249.230
652,Lowe,Partkya,lpartkyai3@facebook.com,Male,111.215.28.87
653,Hillery,Treversh,htrevershi4@dailymotion.com,Male,244.184.149.101
654,Vinson,Grushin,vgrushini5@wp.com,Male,141.44.179.1
655,Sashenka,Blackesland,sblackeslandi6@marriott.com,Female,126.245.122.84
656,Di,Cocher,dcocheri7@blogtalkradio.com,Female,152.236.236.174
657,Jemie,Caldeiro,jcaldeiroi8@senate.gov,Female,86.138.10.151
658,Jeffie,Danielian,jdanieliani9@xing.com,Male,91.122.169.8
659,Letitia,Hardbattle,lhardbattleia@marriott.com,Female,146.94.46.4
660,Omar,Hamlen,ohamlenib@nhs.uk,Male,210.76.77.112
661,Hildegarde,Matsell,hmatsellic@w3.org,Female,13.128.181.157
662,Ramon,Duffell,rduffellid@amazonaws.com,Male,74.254.136.138
663,Nance,Oldacres,noldacresie@amazon.de,Female,192.181.248.231
664,Bealle,Tatum,btatumif@barnesandnoble.com,Male,100.58.249.120
665,Dorolice,Treker,dtrekerig@issuu.com,Female,107.124.255.78
666,Quinn,Doddrell,qdoddrellih@goodreads.com,Female,109.81.75.212
667,Brucie,Freake,bfreakeii@microsoft.com,Male,53.117.169.118
668,Fin,Pude,fpudeij@wix.com,Male,31.1.106.221
669,Dallas,Clericoates,dclericoatesik@go.com,Male,239.120.147.182
670,Hildegaard,Rockall,hrockallil@dailymail.co.uk,Female,33.230.211.113
671,Dorine,Abrey,dabreyim@cbslocal.com,Female,161.110.56.130
672,Steffen,Kelloway,skellowayin@disqus.com,Male,186.27.168.120
673,Ferdinande,Dohrmann,fdohrmannio@washington.edu,Female,119.195.124.214
674,Ema,Smullen,esmullenip@technorati.com,Female,4.3.218.19
675,Kort,Chelam,kchelamiq@senate.gov,Male,197.129.203.83
676,Lita,Masterman,lmastermanir@is.gd,Female,103.110.217.202
677,Caren,Repp,creppis@elpais.com,Female,240.181.22.134
678,Xylina,Swinnard,xswinnardit@go.com,Female,222.120.11.138
679,Rudiger,Crus,rcrusiu@wunderground.com,Male,166.148.84.9
680,Malissia,McOwan,mmcowaniv@indiatimes.com,Female,175.180.120.50
681,Hugh,Rawles,hrawlesiw@shinystat.com,Male,38.207.213.254
682,Iggie,Joule,ijouleix@mtv.com,Male,195.200.21.132
683,Mair,Huet,mhuetiy@latimes.com,Female,202.59.113.38
684,Crissie,Burnet,cburnetiz@unc.edu,Female,204.213.180.143
685,Jemmy,Kohler,jkohlerj0@techcrunch.com,Female,243.126.99.70
686,Lulita,Barrow,lbarrowj1@bbb.org,Female,129.54.208.195
687,Feliks,Brosius,fbrosiusj2@sfgate.com,Male,93.206.254.92
688,Toma,Tighe,ttighej3@twitter.com,Female,205.203.199.0
689,Yasmeen,Pinnigar,ypinnigarj4@tinypic.com,Female,182.15.238.159
690,Jon,Heditch,jheditchj5@blogspot.com,Male,25.165.123.136
691,Sib,Houldin,shouldinj6@artisteer.com,Female,246.173.133.156
692,Pace,Maletratt,pmaletrattj7@bloomberg.com,Male,29.184.196.219
693,Gael,Zahor,gzahorj8@upenn.edu,Male,144.79.30.32
694,Hewett,Robken,hrobkenj9@deliciousdays.com,Male,25.102.59.207
695,Karlyn,Crasswell,kcrasswellja@bloomberg.com,Female,65.41.158.210
696,Eveline,Izat,eizatjb@infoseek.co.jp,Female,57.245.249.200
697,Celka,Hartrick,chartrickjc@reuters.com,Female,114.168.118.247
698,Byram,Tulloch,btullochjd@sbwire.com,Male,52.27.1.65
699,Hope,Adamson,hadamsonje@shareasale.com,Female,175.62.141.107
700,Coletta,Pettis,cpettisjf@flavors.me,Female,135.161.19.231
701,Dorelle,Wrangle,dwranglejg@sciencedirect.com,Female,147.106.88.188
702,Melody,Bannard,mbannardjh@odnoklassniki.ru,Female,184.188.146.52
703,Gav,Mapes,gmapesji@flavors.me,Male,176.176.139.227
704,Angie,Patron,apatronjj@theatlantic.com,Male,209.7.51.159
705,Quintina,Bazelle,qbazellejk@quantcast.com,Female,127.108.174.67
706,Waylin,Baughan,wbaughanjl@archive.org,Male,55.90.9.206
707,Carroll,Elmhurst,celmhurstjm@paypal.com,Male,51.31.149.246
708,Mirelle,Bluett,mbluettjn@columbia.edu,Female,14.192.52.202
709,Ladonna,Timbrell,ltimbrelljo@yellowpages.com,Female,155.11.223.164
710,Crystie,Jorat,cjoratjp@newsvine.com,Female,102.30.181.141
711,Amelia,Willshee,awillsheejq@lulu.com,Female,113.52.89.58
712,Marley,Troke,mtrokejr@omniture.com,Female,56.240.30.130
713,Gayelord,Counsell,gcounselljs@myspace.com,Male,179.55.8.170
714,Tommy,Glowacki,tglowackijt@cnbc.com,Male,160.69.131.55
715,Vittorio,Vick,vvickju@npr.org,Male,25.134.15.91
716,Donny,Scatchard,dscatchardjv@washington.edu,Female,177.141.76.152
717,Simon,Haynes,shaynesjw@nymag.com,Male,134.200.156.177
718,Halimeda,Paynter,hpaynterjx@apache.org,Female,44.22.215.54
719,Adair,Ciobutaro,aciobutarojy@arstechnica.com,Male,225.202.13.216
720,Franz,Phillpotts,fphillpottsjz@e-recht24.de,Male,173.44.198.35
721,Terencio,Ivanyukov,tivanyukovk0@jimdo.com,Male,132.254.93.91
722,Evelin,Etteridge,eetteridgek1@wunderground.com,Male,104.11.234.56
723,Richie,Bollans,rbollansk2@slate.com,Male,206.162.241.105
724,Addia,Volker,avolkerk3@jimdo.com,Female,10.194.8.109
725,Jeramey,Meneghelli,jmeneghellik4@columbia.edu,Male,128.72.221.113
726,Ranice,Bamb,rbambk5@stanford.edu,Female,164.235.160.13
727,Devi,Fettes,dfettesk6@ezinearticles.com,Female,89.186.92.226
728,Bancroft,Davidesco,bdavidescok7@hud.gov,Male,189.246.131.86
729,Marius,Sampey,msampeyk8@booking.com,Male,200.32.96.36
730,Bernard,Jeannot,bjeannotk9@drupal.org,Male,65.183.249.164
731,Desiri,Mccaull,dmccaullka@tiny.cc,Female,205.1.208.105
732,Ermanno,Dillway,edillwaykb@census.gov,Male,198.0.168.239
733,Jedidiah,Derr,jderrkc@google.com.br,Male,19.46.67.220
734,Staffard,Cossar,scossarkd@gravatar.com,Male,4.40.43.252
735,Katee,Ratnege,kratnegeke@google.ca,Female,156.20.218.255
736,Yevette,Krollmann,ykrollmannkf@nationalgeographic.com,Female,233.220.62.10
737,Ilyssa,Wraith,iwraithkg@comsenz.com,Female,17.25.203.181
738,Katha,Upjohn,kupjohnkh@addtoany.com,Female,104.11.45.136
739,Milicent,Alleyn,malleynki@go.com,Female,145.233.76.101
740,Imogen,Wilkinson,iwilkinsonkj@jalbum.net,Female,227.204.64.158
741,Jackqueline,Marlow,jmarlowkk@uol.com.br,Female,252.136.77.142
742,Lisa,Druery,ldruerykl@uol.com.br,Female,189.16.246.127
743,De,Tringham,dtringhamkm@smh.com.au,Female,109.33.46.162
744,Claiborne,Hughs,chughskn@nytimes.com,Male,229.187.187.231
745,Isadore,Staneland,istanelandko@indiegogo.com,Male,142.20.174.10
746,Leopold,Peddowe,lpeddowekp@examiner.com,Male,51.41.99.189
747,Charis,Meikle,cmeiklekq@wp.com,Female,145.30.239.112
748,Thekla,Kesby,tkesbykr@cbsnews.com,Female,237.247.60.56
749,Adela,Guerola,aguerolaks@psu.edu,Female,187.176.245.195
750,Claire,Flecknell,cflecknellkt@imdb.com,Male,43.112.213.61
751,Elora,Knaggs,eknaggsku@miitbeian.gov.cn,Female,160.210.184.150
752,Colene,Bonnett,cbonnettkv@hugedomains.com,Female,127.98.151.233
753,Aile,Jimmes,ajimmeskw@ifeng.com,Female,46.202.146.205
754,Roz,Sircomb,rsircombkx@imageshack.us,Female,180.187.177.87
755,Maren,Peerman,mpeermanky@deviantart.com,Female,12.249.68.249
756,Sue,Cumbes,scumbeskz@amazon.co.uk,Female,65.33.143.29
757,Rori,Pieroni,rpieronil0@cornell.edu,Female,21.105.6.194
758,Ophelie,Buttner,obuttnerl1@edublogs.org,Female,203.227.189.148
759,Berne,Wilby,bwilbyl2@wp.com,Male,120.79.110.220
760,Fidelity,Greening,fgreeningl3@4shared.com,Female,63.188.40.125
761,Rocky,Sales,rsalesl4@senate.gov,Male,123.192.83.73
762,Oona,Colaton,ocolatonl5@netvibes.com,Female,165.61.192.214
763,Codi,Kilmary,ckilmaryl6@miibeian.gov.cn,Female,225.196.121.131
764,Ronni,Poschel,rposchell7@blogspot.com,Female,128.73.159.87
765,Sherwin,Gindghill,sgindghilll8@linkedin.com,Male,201.53.185.142
766,Rip,Witterick,rwitterickl9@theatlantic.com,Male,177.149.227.196
767,Carter,Rowston,crowstonla@acquirethisname.com,Male,68.79.56.5
768,Gerrard,Fleeming,gfleeminglb@rambler.ru,Male,137.106.104.165
769,Osmond,Simmank,osimmanklc@pen.io,Male,125.195.37.122
770,Gilberto,Acosta,gacostald@homestead.com,Male,84.22.63.198
771,Kamillah,Manners,kmannersle@engadget.com,Female,112.222.73.168
772,Donnie,Estable,destablelf@yale.edu,Female,164.25.30.202
773,Raquela,Heaselgrave,rheaselgravelg@github.com,Female,166.232.221.110
774,Hymie,Creeghan,hcreeghanlh@is.gd,Male,100.27.129.213
775,Darleen,Oselton,doseltonli@domainmarket.com,Female,72.99.27.8
776,Emmott,Ducker,educkerlj@disqus.com,Male,227.42.217.27
777,Marsh,Haysman,mhaysmanlk@china.com.cn,Male,252.234.236.198
778,Bobby,Meco,bmecoll@usgs.gov,Male,116.88.40.2
779,Mylo,Murrow,mmurrowlm@guardian.co.uk,Male,89.46.13.137
780,Vale,Roston,vrostonln@usatoday.com,Male,68.163.112.237
781,Germaine,Buffy,gbuffylo@t-online.de,Male,125.59.205.227
782,Caddric,Foord,cfoordlp@weather.com,Male,246.71.4.59
783,Dukey,Thackwray,dthackwraylq@google.fr,Male,195.8.123.212
784,Hewet,Moors,hmoorslr@delicious.com,Male,161.27.211.244
785,Cinda,Kryszka,ckryszkals@zdnet.com,Female,65.233.235.137
786,Torey,Bodocs,tbodocslt@admin.ch,Male,144.122.191.102
787,Chet,Kruschov,ckruschovlu@cdbaby.com,Male,255.70.79.9
788,Wendy,Danat,wdanatlv@ted.com,Female,134.218.133.194
789,Ann-marie,Duddle,aduddlelw@wikipedia.org,Female,71.45.12.38
790,Fulton,Johanssen,fjohanssenlx@ft.com,Male,115.7.179.155
791,Giorgia,Goodere,ggooderely@ed.gov,Female,183.251.109.21
792,Abba,Hoogendorp,ahoogendorplz@shareasale.com,Male,55.28.124.137
793,Anjela,Delamere,adelamerem0@imdb.com,Female,96.116.131.54
794,Minta,Lowndsborough,mlowndsboroughm1@cnn.com,Female,90.252.2.163
795,Basile,Tinmouth,btinmouthm2@time.com,Male,102.117.14.119
796,Benji,Soles,bsolesm3@java.com,Male,20.28.171.53
797,Eachelle,Aristide,earistidem4@arstechnica.com,Female,48.93.175.132
798,Rudy,Tolley,rtolleym5@sciencedirect.com,Male,174.80.187.48
799,Binnie,Ellacombe,bellacombem6@nydailynews.com,Female,237.136.75.18
800,Glynda,Lackemann,glackemannm7@woothemes.com,Female,181.114.3.35
801,Betteanne,Hankinson,bhankinsonm8@clickbank.net,Female,33.237.164.54
802,Maurie,Lammin,mlamminm9@sakura.ne.jp,Male,53.158.58.187
803,Nancie,Rohan,nrohanma@bbc.co.uk,Female,197.5.23.92
804,Gerianna,Grasha,ggrashamb@disqus.com,Female,21.247.238.244
805,Bard,Beisley,bbeisleymc@phoca.cz,Male,136.228.146.174
806,Rainer,Marcham,rmarchammd@abc.net.au,Male,250.205.187.149
807,Benedetto,Abramcik,babramcikme@amazon.co.jp,Male,207.123.99.21
808,Vivianne,McCawley,vmccawleymf@reuters.com,Female,147.101.156.199
809,Dennet,Sillitoe,dsillitoemg@godaddy.com,Male,187.145.62.232
810,Ludvig,Heatherington,lheatheringtonmh@ustream.tv,Male,1.74.86.238
811,Morgan,Couche,mcouchemi@soup.io,Male,239.174.188.227
812,Farlee,Stollenbecker,fstollenbeckermj@nydailynews.com,Male,251.133.142.243
813,Karylin,Medley,kmedleymk@is.gd,Female,199.203.121.65
814,Gerry,Cowmeadow,gcowmeadowml@reference.com,Male,168.233.159.103
815,Bradly,Kingsland,bkingslandmm@craigslist.org,Male,221.136.196.66
816,Gerda,Parke,gparkemn@dropbox.com,Female,245.55.190.201
817,Jemmy,Moyler,jmoylermo@ezinearticles.com,Female,229.206.187.83
818,Marty,Stennine,mstenninemp@vimeo.com,Female,139.93.151.170
819,Khalil,Courtier,kcourtiermq@marketwatch.com,Male,184.185.54.72
820,Goldarina,Skoof,gskoofmr@si.edu,Female,162.17.221.232
821,Jordanna,Burling,jburlingms@go.com,Female,64.96.8.198
822,Broderic,Clemendet,bclemendetmt@moonfruit.com,Male,51.186.56.88
823,Valentino,Knottley,vknottleymu@nba.com,Male,105.250.144.78
824,Lorilyn,Cornfield,lcornfieldmv@seattletimes.com,Female,71.151.90.21
825,Carlin,Ledner,clednermw@stumbleupon.com,Female,167.223.177.40
826,Isacco,Scocroft,iscocroftmx@bigcartel.com,Male,5.176.52.163
827,Berkeley,Stud,bstudmy@tamu.edu,Male,69.7.225.44
828,Marion,Bullman,mbullmanmz@smugmug.com,Male,52.186.153.118
829,Thoma,Merill,tmerilln0@angelfire.com,Male,125.80.81.179
830,Baily,Fullman,bfullmann1@eepurl.com,Male,108.42.178.153
831,Anabal,Gouge,agougen2@macromedia.com,Female,55.23.106.28
832,Ced,Garz,cgarzn3@smh.com.au,Male,53.26.104.207
833,Devon,Hoyte,dhoyten4@google.cn,Female,71.76.188.81
834,Angel,Durno,adurnon5@drupal.org,Male,171.187.23.47
835,Yard,Zannutti,yzannuttin6@ihg.com,Male,129.161.107.104
836,Rudolph,Durbin,rdurbinn7@booking.com,Male,216.186.133.206
837,Brandice,Childrens,bchildrensn8@technorati.com,Female,190.7.42.157
838,Giorgio,Brokenbrow,gbrokenbrown9@biglobe.ne.jp,Male,38.148.253.63
839,Jamil,Rickardsson,jrickardssonna@pen.io,Male,229.237.78.11
840,Jens,Minear,jminearnb@icio.us,Male,33.215.243.51
841,Giovanni,Ruthven,gruthvennc@samsung.com,Male,140.229.155.23
842,Skye,Scadden,sscaddennd@arizona.edu,Male,111.139.157.33
843,Russell,Voelker,rvoelkerne@berkeley.edu,Male,208.45.158.168
844,Ethel,Covely,ecovelynf@flavors.me,Female,232.16.1.186
845,Carroll,Prantl,cprantlng@123-reg.co.uk,Male,39.208.245.85
846,Tades,Srawley,tsrawleynh@wikimedia.org,Male,113.12.16.92
847,Kristan,Rhoades,krhoadesni@chronoengine.com,Female,81.6.10.190
848,Rabbi,Witten,rwittennj@sphinn.com,Male,73.56.0.11
849,Scott,Brimilcombe,sbrimilcombenk@freewebs.com,Male,75.188.26.181
850,Herb,Dybbe,hdybbenl@mediafire.com,Male,151.208.106.117
851,Brady,Ohanessian,bohanessiannm@google.com,Male,42.21.166.93
852,Marty,Blowers,mblowersnn@mayoclinic.com,Female,231.139.205.202
853,Fielding,Whittock,fwhittockno@ihg.com,Male,140.145.254.147
854,Karil,Pickthall,kpickthallnp@google.es,Female,141.94.4.209
855,Melonie,Glencros,mglencrosnq@github.com,Female,209.144.0.146
856,Bennie,Rudderham,brudderhamnr@tinypic.com,Female,70.134.77.31
857,Dal,Storrock,dstorrockns@ucoz.ru,Male,151.143.63.13
858,Nataniel,Mayger,nmaygernt@sciencedirect.com,Male,126.9.39.127
859,Coleman,Pasley,cpasleynu@thetimes.co.uk,Male,163.96.57.87
860,Agnese,Dietmar,adietmarnv@kickstarter.com,Female,254.105.241.86
861,Oralee,Nanninini,onanninininw@tinyurl.com,Female,192.160.95.88
862,Fidel,Emtage,femtagenx@goo.gl,Male,149.101.97.45
863,Charil,Labbez,clabbezny@earthlink.net,Female,178.157.83.134
864,Oby,Puxley,opuxleynz@gravatar.com,Male,78.233.178.166
865,Oberon,Minger,omingero0@hatena.ne.jp,Male,73.10.95.128
866,Kathleen,Capper,kcappero1@hc360.com,Female,61.54.125.100
867,Aron,Varvara,avarvarao2@disqus.com,Male,209.189.166.207
868,Kennedy,Birtwisle,kbirtwisleo3@time.com,Male,179.75.36.18
869,Wylie,Pickett,wpicketto4@state.gov,Male,75.218.252.226
870,Dru,Harfleet,dharfleeto5@mozilla.org,Female,175.98.23.143
871,Porter,Gendricke,pgendrickeo6@shareasale.com,Male,155.4.159.35
872,Wat,Portis,wportiso7@people.com.cn,Male,151.21.69.188
873,Rutter,Simper,rsimpero8@miitbeian.gov.cn,Male,65.98.179.126
874,Editha,Zannotti,ezannottio9@shinystat.com,Female,206.21.254.197
875,Jo ann,Kezourec,jkezourecoa@dedecms.com,Female,18.246.0.147
876,Cam,Headington,cheadingtonob@buzzfeed.com,Female,253.14.80.45
877,Ame,Jerman,ajermanoc@amazon.com,Female,22.93.213.96
878,Gerianne,Odegaard,godegaardod@csmonitor.com,Female,140.160.73.91
879,Constanta,Benois,cbenoisoe@quantcast.com,Female,214.49.196.215
880,Raquela,O'Shevlin,roshevlinof@gmpg.org,Female,188.9.170.44
881,Augustus,Klicher,aklicherog@google.co.uk,Male,37.46.31.254
882,Marleah,Vahl,mvahloh@soup.io,Female,213.211.196.30
883,Shoshana,Checcucci,scheccuccioi@blogspot.com,Female,18.134.243.207
884,Madeleine,Filtness,mfiltnessoj@nifty.com,Female,127.251.121.167
885,Charmian,Auger,caugerok@home.pl,Female,131.205.222.157
886,Shandeigh,Davley,sdavleyol@mysql.com,Female,236.120.199.145
887,Granthem,Skokoe,gskokoeom@unicef.org,Male,148.129.133.240
888,Frederick,Vasiliev,fvasilievon@icio.us,Male,222.61.70.214
889,Peta,Bernasek,pbernasekoo@amazon.com,Female,171.13.81.109
890,Wallas,Pocknell,wpocknellop@cdc.gov,Male,181.60.122.240
891,Angelica,Tibols,atibolsoq@hostgator.com,Female,62.153.18.18
892,Felike,Bortolazzi,fbortolazzior@huffingtonpost.com,Male,113.134.97.31
893,Fonz,Teaser,fteaseros@usgs.gov,Male,208.109.83.251
894,Gisela,Wabb,gwabbot@cbslocal.com,Female,184.203.180.121
895,Glen,Dimitrescu,gdimitrescuou@google.nl,Female,198.202.110.40
896,Ethelred,Penning,epenningov@msu.edu,Male,67.0.111.196
897,Simon,MacDonell,smacdonellow@lycos.com,Male,99.206.50.66
898,Garvin,Grelka,ggrelkaox@biglobe.ne.jp,Male,35.218.29.216
899,Anthony,Isaq,aisaqoy@nifty.com,Male,171.52.75.83
900,Trever,Reck,treckoz@ox.ac.uk,Male,49.132.191.205
901,Correy,Plaster,cplasterp0@house.gov,Male,25.55.208.57
902,Betty,Maingot,bmaingotp1@blogtalkradio.com,Female,150.54.236.255
903,Ajay,Stillmann,astillmannp2@canalblog.com,Female,218.62.141.169
904,Celestia,Skully,cskullyp3@princeton.edu,Female,218.68.20.214
905,Blakelee,Espy,bespyp4@hugedomains.com,Female,86.95.220.114
906,Mel,Lambertz,mlambertzp5@comcast.net,Male,30.26.145.144
907,Corie,Tremayne,ctremaynep6@nytimes.com,Female,122.81.22.111
908,Cymbre,Ramey,crameyp7@comsenz.com,Female,218.226.207.138
909,Rafaela,Lidgate,rlidgatep8@gravatar.com,Female,60.173.75.131
910,Bud,Misson,bmissonp9@digg.com,Male,250.165.54.184
911,Bunni,Wahlberg,bwahlbergpa@baidu.com,Female,135.209.254.230
912,Casey,Deetch,cdeetchpb@google.de,Female,145.68.146.213
913,Frank,Aysh,fayshpc@cornell.edu,Male,139.215.153.63
914,Allsun,Keasley,akeasleypd@weebly.com,Female,121.52.244.13
915,Marcella,Cossins,mcossinspe@wix.com,Female,122.167.17.48
916,Estel,Mulder,emulderpf@nbcnews.com,Female,201.242.142.174
917,Silvano,Crossland,scrosslandpg@g.co,Male,35.113.35.6
918,Hugues,Fardy,hfardyph@amazon.de,Male,126.235.202.151
919,Ly,Lawly,llawlypi@ucsd.edu,Male,220.74.147.0
920,Alistair,Sleany,asleanypj@ifeng.com,Male,134.180.97.227
921,Madelena,Hourigan,mhouriganpk@house.gov,Female,3.0.84.149
922,Caitlin,Willcot,cwillcotpl@nba.com,Female,13.119.85.236
923,Meyer,Stonelake,mstonelakepm@zdnet.com,Male,109.99.169.199
924,Annaliese,Sirrell,asirrellpn@about.me,Female,115.104.77.21
925,Welby,Sandbach,wsandbachpo@oracle.com,Male,185.2.117.127
926,Hillary,Hoggan,hhogganpp@psu.edu,Male,213.241.201.142
927,Donni,Mc Menamin,dmcmenaminpq@4shared.com,Female,111.211.167.46
928,Charmion,Stritton,cstrittonpr@globo.com,Female,247.7.2.116
929,Ezri,Leavens,eleavensps@jimdo.com,Male,192.68.236.113
930,Marya,Leadbeater,mleadbeaterpt@prweb.com,Female,78.111.45.238
931,Constancy,Fewkes,cfewkespu@linkedin.com,Female,44.85.214.182
932,Any,Bleasby,ableasbypv@wordpress.com,Male,133.46.222.109
933,Ibbie,Kann,ikannpw@cnbc.com,Female,13.233.63.111
934,Perice,Merriment,pmerrimentpx@artisteer.com,Male,6.6.96.50
935,Rod,Balassi,rbalassipy@yandex.ru,Male,115.140.165.240
936,Moise,Dugue,mduguepz@cpanel.net,Male,97.249.113.241
937,Billie,Pryce,bpryceq0@tiny.cc,Female,56.152.194.27
938,Linnie,Varndall,lvarndallq1@pcworld.com,Female,112.153.16.221
939,Darleen,Pryor,dpryorq2@bloglovin.com,Female,242.172.0.227
940,Lenka,Sugg,lsuggq3@blogtalkradio.com,Female,139.75.231.209
941,Liliane,Scotchmor,lscotchmorq4@wisc.edu,Female,59.156.206.45
942,Jarrid,Simo,jsimoq5@studiopress.com,Male,29.214.5.137
943,Caldwell,Strettle,cstrettleq6@yandex.ru,Male,67.207.210.177
944,Wilie,Whitsun,wwhitsunq7@issuu.com,Female,117.54.36.27
945,Korrie,Atteridge,katteridgeq8@amazon.de,Female,49.251.99.11
946,Rosie,Erbe,rerbeq9@wisc.edu,Female,175.251.155.47
947,Odelia,Hammelberg,ohammelbergqa@ucoz.com,Female,35.212.92.191
948,Salvador,Dolley,sdolleyqb@amazon.co.jp,Male,232.238.25.33
949,Cleon,Shippam,cshippamqc@ameblo.jp,Male,253.31.68.216
950,Parsifal,Laurence,plaurenceqd@tiny.cc,Male,156.94.36.226
951,Estella,Kegan,ekeganqe@jimdo.com,Female,32.19.117.154
952,Ruggiero,Ryman,rrymanqf@toplist.cz,Male,82.35.216.239
953,Polly,Ramalho,pramalhoqg@nifty.com,Female,215.37.25.148
954,Shelli,Culley,sculleyqh@washingtonpost.com,Female,167.96.193.245
955,Everett,Dummer,edummerqi@yellowpages.com,Male,98.178.223.143
956,Julina,Whorlton,jwhorltonqj@nifty.com,Female,173.198.44.172
957,Rey,Cochern,rcochernqk@rediff.com,Male,53.162.245.27
958,Jacky,Bunce,jbunceql@studiopress.com,Male,141.120.104.98
959,Deerdre,Wogdon,dwogdonqm@bloglovin.com,Female,100.217.20.166
960,Claude,Guiton,cguitonqn@google.co.jp,Female,193.28.170.75
961,Gwenore,Fradson,gfradsonqo@google.nl,Female,215.145.155.145
962,Shermie,Presdie,spresdieqp@examiner.com,Male,162.128.92.139
963,Marna,Elmes,melmesqq@imgur.com,Female,136.51.26.80
964,Basia,Gorger,bgorgerqr@yandex.ru,Female,222.235.121.57
965,Kile,Jermin,kjerminqs@dion.ne.jp,Male,194.247.77.21
966,Brendin,Swaden,bswadenqt@cornell.edu,Male,109.84.181.193
967,Doreen,Cinavas,dcinavasqu@npr.org,Female,103.64.196.90
968,Benedikt,Eggleston,begglestonqv@harvard.edu,Male,97.219.49.213
969,Christophe,Duran,cduranqw@bravesites.com,Male,148.0.149.170
970,Theodoric,O'Fallowne,tofallowneqx@nyu.edu,Male,88.47.55.51
971,Smith,Townby,stownbyqy@skyrock.com,Male,46.87.44.20
972,Oriana,Malpas,omalpasqz@example.com,Female,84.141.130.178
973,Merline,Johnigan,mjohniganr0@last.fm,Female,24.90.194.172
974,Orrin,Malpass,omalpassr1@nhs.uk,Male,233.47.70.153
975,Bertrand,Campelli,bcampellir2@illinois.edu,Male,229.183.36.105
976,Norris,Balcers,nbalcersr3@independent.co.uk,Male,53.41.204.177
977,Ellery,Smogur,esmogurr4@tuttocitta.it,Male,182.134.69.171
978,Lewes,Latehouse,llatehouser5@vinaora.com,Male,5.57.252.135
979,Haskel,Totterdill,htotterdillr6@constantcontact.com,Male,130.154.238.47
980,Vidovic,Pybworth,vpybworthr7@google.com.br,Male,203.31.233.74
981,Arlen,Hearley,ahearleyr8@arizona.edu,Female,248.129.194.72
982,Adelina,Pattington,apattingtonr9@home.pl,Female,65.153.212.162
983,Terrell,Chawner,tchawnerra@phoca.cz,Male,53.161.22.187
984,Wiley,Barendtsen,wbarendtsenrb@elegantthemes.com,Male,189.55.84.244
985,Jolynn,Pohling,jpohlingrc@wikipedia.org,Female,176.250.114.6
986,Natal,Bartoszek,nbartoszekrd@va.gov,Male,67.33.72.134
987,Drucie,Pitsall,dpitsallre@hugedomains.com,Female,255.20.201.210
988,Joyous,Mercik,jmercikrf@creativecommons.org,Female,141.27.70.182
989,Man,Boldry,mboldryrg@redcross.org,Male,96.9.1.48
990,Siouxie,Kerry,skerryrh@ca.gov,Female,97.241.65.62
991,Darcie,Rowet,drowetri@fda.gov,Female,166.33.214.169
992,Carlie,Owtram,cowtramrj@abc.net.au,Male,148.66.238.34
993,Yolane,Cruickshanks,ycruickshanksrk@zimbio.com,Female,5.119.148.53
994,Derby,O'Hagan,dohaganrl@reference.com,Male,92.103.179.187
995,Merilyn,Whitehair,mwhitehairrm@woothemes.com,Female,174.133.20.230
996,Larina,MacElholm,lmacelholmrn@furl.net,Female,26.233.108.172
997,Kara-lynn,Pinck,kpinckro@yolasite.com,Female,176.105.154.34
998,Lianne,Wyldbore,lwyldborerp@opensource.org,Female,57.197.191.107
999,Jill,Bonnefin,jbonnefinrq@skype.com,Female,202.10.71.68
1000,Zacharie,Tompkiss,ztompkissrr@paypal.com,Male,215.49.253.204
